{"cipherRes":[[-4.517767023176651,-3.45991897383708,-2.6079133478755976,17.892187464663568,-3.786159889195051,7.2197120446438605,-13.494087320750976,-9.064827983856954,8.296735307554968,5.683041302062447],[-4.495866332366944,-0.6378038019339667,-2.822432809463142,19.160049076652797,-3.9202453312604804,13.221749781115,-20.95074570451525,-6.461634630647202,-1.3485457762627957,12.115690604213999],[-15.951061954431584,-2.928933714537166,0.25372625374175983,18.801149129905667,-1.6662701883492888,6.304121033505899,-7.6693090101979955,-4.447594772034075,10.519061568225947,-5.193811194615781],[-10.502856140160993,-5.454077544522323,0.9433537037234601,19.925508632416175,-2.451176189829215,11.960472026119021,-15.71471510855585,1.1347461582832068,-0.7584368330916704,3.285407567090503],[-10.896268926985101,-1.8923483699619248,1.1164376810045014,17.436625084769652,1.9039848260779464,9.893745640300619,-7.308272273383387,-2.697716871324258,2.922313606846785,-4.939731748711216],[-12.928332946717845,-2.620813900917593,4.012232514754606,11.731393759160797,4.328701064497485,10.146858497766505,-3.648031040745332,-3.027433687522837,1.901030899722807,-6.213696289160761],[-8.118763673469267,-5.850845545262244,6.802227768238874,24.882688343064864,-9.532256946902132,4.646869180862758,-15.979762862722637,3.67866960465003,7.530030295751313,-3.1767117883188423],[-5.932197637907731,-0.6895699689528323,4.2482003926421505,9.966130421125431,-3.5938005124549446,-0.18624780726795576,-8.56024253461051,-3.200016785432053,6.9049377779500665,1.8967689219732626],[-6.612366853651061,-3.4707963406883566,0.06303447213545713,24.583295011859704,-0.9266964966028708,4.071049044937097,-14.839320034135767,-1.274587175547447,3.3853870079932356,1.6191015671913798],[-4.460143305357363,-0.9038924969360014,-1.6868441238752676,12.337663260542618,1.1390784444779665,7.518213869126995,-4.792020852283743,-6.015705293214868,2.463714607569419,-0.8502643701339341],[-8.618452835924582,0.3209822464413734,-1.3862163098805615,7.48391683279103,2.218499233632682,8.248243541821388,-1.969009898679324,1.8142164143379742,-2.0338968872716143,-2.203684083528534]],"correct":[1,1,1,1,1,1,1,1,1,1,0],"plainRes":[[-4.6521286057544335,-2.2057548167167558,-0.9563412717615486,18.681962806457737,-6.745196853377778,9.040657636194656,-14.812670205675996,-8.943571649210543,6.459627970718668,7.078348325303199],[-5.446951676330116,-1.0881640550753395,-2.1177359495862733,17.94966923787793,-4.123400315658655,12.880092490852567,-19.73786297890309,-4.9775698893558955,-0.9428961494845939,11.026877448480072],[-9.88885124496348,-1.6178936087608906,2.3568467293471653,13.514232113460334,-4.522775654347538,4.474465194480108,-5.232816892783649,-4.499337959283943,7.191497150504452,-0.7927373549675973],[-10.297980287122384,-5.228786171962521,-0.22862099437337322,20.27199434855727,-1.9074481053039587,10.93492563227608,-16.176724129577813,1.2605243368039298,-3.876165111631868,6.743979926306339],[-11.370659286222546,0.3299008680612183,3.8710740749540085,19.064124492167593,-0.21550451798034403,7.89145547418491,-8.48932734145476,-0.19331102207235024,-0.3223360913205945,-3.6634752058788083],[-12.247256491744235,-2.2684349864936757,3.781534032794028,12.727605265856461,3.5333327417862406,9.505489156965476,-5.158414665113873,-0.32970506753639717,-1.4094505380223563,-2.980354785579045],[-5.738514176526282,-3.7668918829022258,4.80511506124162,18.399933463210946,-8.717168406103687,4.78224781420397,-11.272516542964617,2.8801203857282816,5.135898181491497,-1.5993346799656578],[-5.184394489152462,-1.5039816938207538,4.977713159829152,11.524626692318957,-4.620020487333127,-1.3161536723214329,-11.252199751576924,-1.022005061710901,6.641990630813516,3.0533311225316586],[-6.338146640113699,-2.3315784725804574,1.0753507948732055,21.34467740843647,-2.160290356045538,4.466484204426377,-14.243581178603842,0.6931152233865925,1.6225399119347672,1.1639583338876776],[-4.972225248478011,1.5154169755917763,-2.038445976302632,15.650392814190509,0.7916245265571402,7.404537632211365,-6.651700439042499,-5.544077866386984,-0.6346218248027837,0.9396120083444045],[-11.347532775071729,1.0661963330174042,3.213669363774255,10.985885111042197,3.01469538063989,3.658700246209372,-6.784242820286056,6.029201413000606,-3.0595842825788826,-3.1641711510988575]],"tConv":[21.556286332000003,18.080637317,17.057592435,16.223940566,16.319338226,16.358951992,16.357390991000003,16.793366083000002,17.727969839,16.948834443000003,16.515455367],"tGemm1":[22.096001629,15.648772667000001,15.609193199000002,15.186672814000001,15.192127022000001,15.101476565,15.229201283,15.42829118,17.363504192,15.641128233000002,15.318946227000001],"tGemm2":[12.581682957,12.596207475,14.230217416,12.274782094,12.282096397,12.327789557000001,12.342364292000001,12.629655817000002,13.430242613,12.623961867,12.414092549000001],"tRelu1":[0.146985436,0.045628949,0.067675501,0.045649005,0.046232698,0.045898457000000004,0.045705532,0.046687490000000005,0.047649776000000005,0.046812428,0.046423509],"tRelu2":[0.032672314,0.03059844,0.032344000000000005,0.029166366000000003,0.029568584000000002,0.029616892000000002,0.02953253,0.026827147000000003,0.033612148,0.033329409000000004,0.031139477000000002]}