{"cipherRes":[[-2.6519289270256654,-11.43169922567666,4.86328068177275,3.611461809497629,0.09150751263278084,10.11363869303801,7.088516673614532,-9.468969047310805,3.2877548046331797,6.512013352413484],[-3.9032976506051114,-1.750292407652049,-3.4212074011525067,7.006402251129378,-2.4990250367408846,8.932229861128775,-4.629636342195318,-7.130951900421296,2.799467593282772,2.691603455382812],[-5.6521410631003715,-2.649149713886299,2.4440125918667235,5.555878231596716,-2.699264913338996,11.841144091857725,-3.3037180045971697,-6.259165483105225,0.8335018480706864,1.4158692846745218],[-2.893283739952179,-4.2834518033968285,-2.409116224525795,5.4034280980394875,0.7441949944604729,9.458467301704129,-1.373668457520755,-4.811135093148442,3.6051948308979727,0.8414923466369608],[-3.2715678020486365,-3.6691787012202424,-1.791789003851667,2.8895285676687164,-0.24645460767113822,9.814319035792142,-2.932099821214085,-5.073307889416441,1.9193119361890256,3.555027033478468],[-3.1659609066812644,-4.35551556722,-3.267870356905746,4.964283335917811,-0.3982545418132416,7.092411737283589,-2.6431196630136267,-4.122642186494286,2.894608445473322,2.8268183102151943],[2.758442376262466,-3.7409514301139084,-1.1809978779813046,-2.3027654071629975,-1.442883023201401,4.940083363641172,-4.05290572449376,0.9869700453279968,3.1604952017204893,-0.3111033516414601]],"correct":[1,1,1,1,1,1,1],"plainRes":[[-2.4816470248720544,-11.488837140661657,4.929870363165885,0.7973642684083135,-4.004370381834822,8.727921714590122,7.860997093429486,-5.493062105161383,6.815836746537394,3.6836633224633006],[-6.726841370748412,0.2576884306322893,-3.493058789341533,9.093805334019478,-3.149738540896816,14.029796076771689,-4.478465573586188,-8.320479165117446,0.9274446968260788,2.0940131469597727],[-6.124285305377743,-1.6385771117173047,0.9517612653031505,4.305728912266753,-4.8007212468082185,15.850605782107465,-3.528039102141271,-5.6381608700333,-0.9014012189931859,3.53248172381678],[-2.4631357465034194,-3.29667562129241,-3.3080624942076313,3.797390277665388,-3.2415266983102167,14.25369386382749,0.9860224184142631,-4.3656302161576,1.8170544657281351,1.2263404521772592],[-4.490847693584808,-1.7118460333556933,-1.3372070794445132,2.1428022199169434,-4.05196174415895,15.282292198739746,-5.052049157063132,-3.416333058911907,-0.4494487717792536,4.855152214327722],[-6.136554344654731,-3.5179842713997505,-4.0844349142374226,5.555935254024602,-3.2216315304655474,12.170229045405865,-1.7361804889761163,-4.8798818490014835,2.178397073534898,3.9429951751714563],[0.7334154516791948,-2.8694606822364057,-1.3940143907596685,-4.08687740630789,-4.835521395316343,9.335172874567027,-4.225287313371901,4.411272246496279,1.9153814676037573,0.06355309235641593]],"tConv":[19.120419806,16.697387382000002,16.739734236,19.706673988000002,17.775065969,16.581021506000003,17.037711485000003],"tGemm1":[16.259840778,15.509721751,16.771756829,17.249657671,16.115418819000002,15.54475009,16.057217051000002],"tGemm2":[14.697667675000002,12.638356554000001,14.21604244,13.055325756,13.142600032,12.976592086,12.545259307],"tRelu1":[0.06482842500000001,0.046435999000000006,0.045914844,0.046825922000000006,0.069937704,0.046515213,0.046191053],"tRelu2":[0.043223554000000004,0.027191052,0.027033802000000003,0.031279822,0.034196049,0.027873558000000003,0.027140709000000002]}