{"cipherRes":[[-6.746354794292226,-8.888538786724121,6.355085847036935,5.35777971539214,-3.5432371352757555,-2.4861114702931166,-5.457515670248033,-0.2775916964634788,15.071759963705677,0.08820358135303243],[-0.32266782937295313,-8.285164351675512,-2.770968515201795,-2.939424040876463,-0.06508804504243298,5.039236286563533,0.9557136582477891,-10.805340429392995,13.498475195667151,2.979856919864139]],"correct":[1,1],"plainRes":[[-4.1163214788422575,-9.520228583361817,5.678786866991499,3.575463362676995,-4.336046892683683,-1.5444659609599511,-5.796722515231673,1.2279437277182303,14.32782812460297,1.2167312630746234],[-1.6907752645848204,-5.753375654310141,-2.8953138386091024,-2.525175503832406,0.9992976898318313,4.0092242767604365,1.4357260427102398,-7.851719665104887,11.99033816149586,0.9972342082647635]],"tConv":[18.610954768000003,16.627777162],"tGemm1":[15.281431309,14.997562189000002],"tGemm2":[12.303459109,12.339337249000002],"tRelu1":[0.06753091,0.045524091],"tRelu2":[0.031287102000000004,0.026986962000000003]}