{"cipherRes":[[13.68104504239314,-0.20423496537825553,1.6690311794864097,-6.305460517172661,-3.7446018761461892,7.121713357039136,5.204290291847272,-0.18975153149643992,-11.031851769788165,5.6113219089565405],[15.57935290013319,1.7469696412212765,7.072159267019342,-1.41907674815752,-11.502027332423888,-3.717259849002107,-1.5846922209326382,-3.2360856898480694,-7.77491099382467,8.113134686910936],[15.614775792724917,-7.488693020445986,-0.76325403009541,-5.831302770402914,-12.11895379943464,4.3869610121823115,-0.33721079171895463,5.668217315786739,-0.7388830195287565,8.063866969200877],[28.323137029878563,-12.676342548642822,11.843714743066975,-15.360888047514623,19.423099673513512,-30.076846493712182,6.392415631998423,2.306509413013207,-21.190827063352277,22.986212203458866],[22.642094470583352,-0.4952945169104273,15.671800212574755,2.970297756655757,-27.10122917841528,4.474906977504619,-10.792105712775605,6.9614457688218945,-4.464279679388206,5.590474903982674],[12.989885472016415,-5.638335916536484,1.577236316463575,-8.135164208184229,-3.3420083574075843,4.266633755805859,1.013031084937871,4.558961042563759,2.680380685313634,-1.385078735820877],[13.674275193389128,-3.3687682562472903,3.3853487963701534,-1.3852455784561317,-14.48080901308224,5.313912717701953,-0.3199948106547831,3.003675608177273,-6.602709159564736,6.516623070994296],[31.28130867517514,6.7064653035550865,1.5983756820310966,-22.181697944093816,-8.042323968630138,-12.225943145685946,8.351847114140046,3.829783333206462,-25.740528006573815,22.82256705896848]],"correct":[1,1,1,1,1,1,1,1],"plainRes":[[10.189562762234722,-4.192236968079844,5.312919713619331,-3.2450026979707514,-2.81967793098684,3.0090570255305167,0.9399176776940694,1.6495703381924152,-2.6192029608505414,0.5682882648722357],[16.762943590263994,-1.600457792371937,8.655198333039406,-2.6805881025013627,-12.187424000222759,-1.775903464787124,-1.2081514828658904,-3.2369105274849272,-6.687280950788789,7.323086228184154],[15.282886017968874,-5.884298031747801,1.2331257883669384,-5.418957906390212,-10.183782639689522,2.0948229638032885,-0.8865108825854437,7.497597506175778,-3.109838132590699,5.327244797611046],[19.924506251805003,-18.244730216838374,4.213014954555255,-9.577697797607447,5.614790321419259,-11.363615886206226,3.6732181672041397,-0.8184706655324356,2.486430463342342,9.137728691822232],[18.55701378675096,-1.5893378161295555,12.68491357915446,-1.917889194855947,-16.55120874481638,1.9079499982075134,-5.737857011957395,5.826286293346443,-3.717406228560608,2.7867825734125855],[14.577330284636163,-4.3031465778652125,2.3720109702328545,-8.30757102151321,-3.9959728109437656,2.3612507118966737,0.8300213982050537,5.196164950880412,1.558339484433856,-1.8310139805588646],[14.616538337617229,-4.673449028504148,2.088437421544421,-2.5308767343987078,-11.242226837025658,2.9788895366226456,0.16512572439979897,2.3907284978005943,-3.90765956859432,3.8400224923739636],[24.266327416945554,-4.420345531863932,6.946671672930522,-9.688317775619876,-9.851828448702145,-4.758245896943372,3.06859119036425,-0.3233212319002114,-9.230895702841869,8.620632655175188]],"tConv":[14.406540874000001,16.215224095,17.282352649,17.320324736,16.200790617000003,16.274780795,16.082444711,17.487761167000002],"tGemm1":[13.212757905,14.724952658000001,15.035328492000001,15.035615695,14.850262058,14.927995353000002,14.684025186000001,15.236897729],"tGemm2":[12.001610979,11.937574867,13.387333422000001,13.476736253,12.023632667000001,12.157148848,11.760524740000001,13.664243126],"tRelu1":[0.041940272,0.045835203000000005,0.044276905000000005,0.044460797,0.044396451,0.044587403000000005,0.045206773000000006,0.04481012],"tRelu2":[0.032417893,0.031234385000000003,0.031392917,0.032338874000000004,0.031042082000000002,0.031845870000000005,0.026793856,0.031078734]}