{"cipherRes":[[5.098767795363259,7.662692300599179,18.749710823395894,8.798799212028328,-10.479201719744548,0.5758963048764698,-1.1563788734442126,-7.657996612016549,0.09332925568085529,-8.328999503878553],[-7.373732785846581,8.757403983736165,16.9741812258512,6.011839115046772,-14.159432839124202,-2.832505648042088,-10.54028806332094,-1.2594065987928986,4.849392905723892,-2.6995882119673067],[1.8737808623923007,2.1923569682885016,10.650603054341158,7.015313518370792,-11.86671777290048,5.1680196326448185,-3.9898121862844853,-3.837866180146741,3.1028478481425337,-5.339972113756143],[-2.018628734844308,1.4486682620570859,9.742415516339374,-0.19353063594553843,0.8761773322125881,-1.01811449760674,3.4167291318756923,-2.211746152481211,0.7288002131147877,-8.819264725341242],[-3.937085424855978,1.6467616995742735,7.061150979325221,1.285665076995994,-0.13752500247051075,0.5542750117694829,2.6686064823061155,-4.402668879044331,4.159458558138207,-6.970446460545229],[1.6441129877584086,-0.8082218579813696,17.39204989669509,8.55813066212208,-16.06468370404532,4.789736528733535,-6.782738466115265,0.39505980949674047,1.1874360499795298,-4.700437860749392],[-4.130868492490427,3.5069272079653904,8.252748731449515,2.811324482407205,-8.815271016442166,2.4092762017784026,-4.057954064795521,-3.1003814336641753,6.666983378336779,-2.9877109123150647],[-15.131425046556298,2.088124179635911,24.719280054848387,9.82057794948178,-1.8858470393599531,2.107091734205775,-23.146851640111937,-0.9023658818802717,-5.851593003583297,-1.050454840336759]],"correct":[1,1,1,1,1,1,1,1],"plainRes":[[4.402086123567962,8.429096134842473,18.853218505356807,8.01520350915445,-12.011717988033293,-0.4801190001499941,-0.10673555705143595,-5.343051729688316,0.8329173905054579,-9.24105190334265],[-9.659171994550965,9.733036306300397,17.304058459837925,7.540486326244872,-14.841290336894515,-2.0818651806064934,-13.92580740608073,1.7573596626379724,4.304240036649907,-2.2557479279417882],[0.8819040455467152,5.7196555298698035,14.98444702067744,7.756513284844678,-12.97609796906808,3.438901786319524,-5.917288943731572,-3.270807182618097,2.7997418968675527,-7.339322486390709],[-2.464318657395204,3.970982012707419,9.49258036470101,-0.01121745603877937,6.831918229949728,-3.7695926725094053,5.359780767205708,0.03179169817461748,-2.5815586251381757,-11.267969569251704],[-4.4868800626488845,4.836408120682145,13.86017278807747,1.0684711103110573,0.4957859780505986,-1.096146285738376,1.2499425888142528,-4.2689505778014345,0.3965917130371977,-8.612810475001924],[0.8928595391221169,-0.01656630636658382,18.60880390290248,9.171225217544379,-15.51678263432997,2.6301794646143284,-10.495562480709962,3.948260133263152,-1.038386423419079,-1.8628003186883837],[-2.2158193210615336,5.7232203126920185,13.981053219864542,1.9915846692402615,-12.096480560941247,1.460345648318781,-3.8678466534673266,0.2253989185089072,1.0488766233165059,-2.8396950412269435],[-9.947350297591349,3.08638353500374,22.240247624047065,4.146753194344048,-5.518811150672016,-2.602030383738144,-13.1070701728578,3.332459157927484,1.4662340290545024,-4.947043724582224]],"tConv":[15.500207486,17.861115983,17.848864155,16.439688331,16.367418135,17.175532368000002,17.212882073,19.200938303],"tGemm1":[14.609729483,15.572240286000001,15.704058151000002,15.275320963,15.210910733,15.640151885000002,15.639126069000001,16.571898175],"tGemm2":[12.031376673,14.945600276,12.401264312,12.341104773000001,12.464877716,14.45413613,13.113519412,15.231125389],"tRelu1":[0.06557397000000001,0.044397558000000004,0.045344801000000004,0.047467733000000005,0.045674054000000006,0.046984027000000005,0.047893585,0.047131306000000005],"tRelu2":[0.030515126000000004,0.049632036000000004,0.027316954,0.026931565,0.027217879,0.033808984,0.033480382,0.033970699]}