{"cipherRes":[[4.117052447525494,-1.822750295210315,4.411714248448525,-4.878357069715484,-0.009166018266143286,4.339139571130017,8.826453212593353,-7.7893765134711295,-0.7706397316172315,-0.8871158240537992],[3.3726854424841344,-6.266116189601997,1.4638484683777508,0.17496007281028492,-1.141890309013985,2.820213936024759,9.715423776305698,-8.660915588398968,8.598330253652495,-7.506384102109137],[-0.4121133579328748,-12.513561444862578,0.5587776095676782,-4.470580915030682,1.443468833774606,7.05497556031826,10.33971693527425,-4.544970612153037,7.8161270900520945,-1.8964347907238779],[0.15562701110992694,-2.7165935958317453,1.4258201601527178,2.010956719510347,-0.750871013167254,0.7087992711640334,9.276452182768889,-3.64095988445814,6.199102020519257,-8.69356179081672],[2.3028150639520923,-3.7367233940618867,3.096664700547331,-1.1502130099176946,0.26831714831006936,3.293384617857976,10.154796216679618,-5.429539335014729,2.14081513290803,-3.0131567945631246],[0.13027725653393318,-1.2292523802460007,-0.024239656950284252,-3.2521266723458666,-2.1411305272287264,4.581176280893591,18.865740327041898,-9.560907055806773,8.251916457681684,-10.931757050658113],[-0.5569264711290215,-0.7127040794406228,1.7756055242426443,4.448716751615573,-3.4838444889362252,-0.7109817616200916,5.800349562147385,-3.395430422748846,7.5930907451001985,-8.299278973619751],[-2.3111026969529274,-3.7153097317985337,1.4925940653575942,-6.6934404873165825,-5.285389154782621,4.48624254188425,12.111896109294964,-2.9233915290169232,5.5430197636341365,1.7492664405859846],[1.1764925426250699,-7.720712540095322,-3.3313729159646033,-5.211053751662706,3.9744544937413435,-0.6564108214668545,19.344987258106716,-5.751907792500625,7.1268214490509445,-5.145131393313128],[0.18818707731753892,-6.501567202635528,4.301761460856776,-1.3180611917998677,-2.4923491344695883,3.4565212715151823,14.505965982251485,-9.229762254511648,8.908490434470863,-4.8808444620796365]],"correct":[1,1,1,1,1,1,0,1,1,1],"plainRes":[[3.811180488524501,-2.4035294617759186,4.195642534856505,-6.051738001789787,0.17070373639394476,3.038735774635076,8.83833240033919,-7.082680647041204,-1.4382632379773321,1.8350981315624981],[4.265908546410235,-5.102167485229635,-0.047225145290056295,-1.196776254100833,-2.373423926952364,5.26450430673498,13.170287736725447,-7.304374406177119,4.938370278196798,-7.744265933059282],[-0.6628868039987571,-10.652114845620924,0.1340350065884274,-4.845438809264245,-2.9873707977804163,10.290312159581545,13.207011272626664,-3.382736009759597,6.407028629865494,-2.680128264647483],[0.7357391629076216,-0.8654414963315463,1.0826843483203008,0.6629738084943326,-1.3299426022287157,1.8208791359946541,12.909410687633745,-2.0876332466349297,3.367773331663301,-9.07205530755479],[2.6680193835985486,-1.020977231903964,1.4464148602910232,-2.3024931459720888,0.31302361900381404,5.76794423139509,12.800586651967429,-5.953151342687716,-0.903629356625926,-2.2556074465253095],[0.9328926567400755,-1.5978385249692761,2.63431365469597,-2.6434200441889883,-0.7301063218770036,4.328368110258727,19.57008655285168,-7.3856469552415875,4.198277323223191,-12.886242307325457],[0.4655812974438413,0.6956979067181587,1.6684511675011555,3.7444095205930124,-3.572045745027387,-0.0918907173771306,9.65009693594996,-3.4539881401117043,3.9703239095138994,-6.888689208663992],[-1.963109720107703,-5.727014165472461,2.027787693281311,-5.186822817901719,-3.9200638518777864,4.776183118863685,12.687065080081515,-2.083506468992919,4.495692809148503,1.4728966352291215],[0.7847529038728532,-8.030909427421797,-2.9561879334221928,-4.744935834389513,3.245076896689012,2.2518934613563775,19.375634121364005,-3.637531567711344,4.5278532253516515,-6.120495364108605],[0.24101990207564475,-4.818819286049599,0.8085944230917416,-2.5278802603191513,-3.912525224672066,7.013142082960063,18.391463562781237,-9.759721471872796,7.071466909097495,-2.9066648472343237]],"tConv":[18.976880982,19.977109801,19.520358643,16.802998640000002,17.591769983000002,17.553656791,17.640225441000002,20.455699522,20.997094718,18.701746154000002],"tGemm1":[16.040405694,16.750186330000002,16.99350029,15.423718927000001,17.379199136,16.679840277,15.751914723,17.179710862,18.557691692000002,16.656258028],"tGemm2":[13.368747631000002,15.520672925000001,14.463493104000001,12.536340593,13.287225642000001,14.884482395000001,13.407865710000001,16.523773573,13.303094041000001,14.917724449000001],"tRelu1":[0.065840271,0.049179233,0.048193570000000005,0.046087013,0.087380838,0.047862854,0.048753718,0.047097156,0.048276658,0.047211409],"tRelu2":[0.031348767,0.035943632,0.029774821000000003,0.029167945,0.036712453,0.067922191,0.031772297000000005,0.063398086,0.03249702,0.034262003]}