{"cipherRes":[[-5.677468250653453,-2.611088669946901,-1.607569077193471,2.029658124937752,2.8859999865420485,-0.18925439184930842,-4.13546681596039,-1.7298202283025956,5.912703583498402,2.8293829246910085],[-3.0684607998814863,-10.64558880684759,4.979186714983252,7.60588031668323,-5.320182155851345,-2.468261754360543,-11.423390260715859,7.885730298451949,2.072997790297215,15.787083227087598],[-9.345464911080452,-1.5890583491267345,1.1070187327162992,4.720546640059908,3.480391619941876,-0.09008844581546449,-8.784721170010481,-1.8648443346143448,2.6088334098757517,10.221798065038147],[-10.556405170638431,-8.299549396812044,-10.00335008888894,3.724943586412798,16.221409347595007,-9.208709453870217,-15.66548019945926,2.713937798179834,8.03392826824791,13.586562865227124],[-6.244531259642036,-6.592209483429963,-3.6857086533149706,1.9854608284484132,8.21329095581482,-2.00333205714882,-8.796249491189219,1.0551087360121798,4.219690862944475,11.172850525895882],[0.9797454321284516,-6.049363987200291,0.8426667422420724,-1.7852635148689886,0.17380327528790712,-4.030943384115236,-2.1340534250363627,2.2746270100560633,4.465042011374181,6.8211418006729545],[-3.322274911684633,1.5625712661726614,-11.151278387485316,1.937331527731963,9.955699210974501,-0.2607037835048434,-22.357455230128686,7.3770359118085915,-2.6595160277868395,14.36751825388288],[-6.106103175644494,-9.72354937418444,-1.4123859949040634,1.4946049517653242,11.069626463079407,-2.233650723966167,-8.322934582311902,0.5638117878433039,2.2852857957487127,12.82368037253543],[-3.7882526541731747,-6.043651285994525,0.14398957331689705,-0.38801160464615597,-0.7891350599043918,2.8685436256436803,0.7711316248753632,0.9463479738910167,5.182517438777867,2.3411863405264173],[-4.934539614422505,3.0319565508934683,-1.574444689782368,-1.6143765893956825,4.068808200438426,-8.81476217494231,-19.423645250329372,3.7835617275926543,8.464770929915812,14.771497429186287],[-6.82565364200125,0.365492787068847,-9.538558181547767,0.28345322166612086,6.821441933463369,1.6092936024037185,-6.108934541037441,-2.3180493508007762,5.713835589487886,10.328501302099799]],"correct":[0,1,1,0,1,1,1,1,0,1,1],"plainRes":[[-6.733492813717081,-0.737157995181066,-4.4523476832457405,-0.8646193792651533,6.715742150150632,-2.226402097947916,-6.873514667301356,2.0747444755769244,1.9559600247145705,7.716838591375999],[-3.4045038408217203,-9.111286424226332,2.522218740260419,5.3355627419299365,-3.7551704959108876,-1.7660372622053124,-10.811462876388724,4.904625451458321,1.6383358206435485,16.166433966138143],[-10.602454344842755,-0.5013981094316268,4.692940088336665,5.060057263154242,2.3663491260554235,-0.5589660749893853,-10.91718971161994,1.0726402565682218,-0.29810853145467753,11.462546591578015],[-11.098718287285399,-6.825164962813862,-10.319226116453677,4.517004706002784,13.21330718346048,-5.063699510165987,-17.530044402967114,5.501424241306137,3.7693679182273696,15.281222384174253],[-6.177513876780275,-4.7811632253377185,-4.6134122382718346,2.028818554263575,6.288866417063029,-2.453481729779103,-11.371318626445714,4.756235418920605,0.5340166359927606,14.614189139624214],[1.342633698786136,-6.883650653862409,1.0173294476237291,-0.42856693310219823,-0.656883194684932,-4.827512385863102,-4.726140768390812,3.7247667743317625,2.489164892444762,11.337221222719782],[-3.567449413160719,1.7305710108185093,-11.759314716142946,-0.917279672381009,8.824960541862112,1.3555365761734166,-19.91108950939499,7.926954366062325,-3.6025571256086635,13.99727143375657],[-6.884818212332466,-7.892472103139358,-1.0675408694627286,2.1937524211367405,9.325818194208823,-3.04354498943198,-11.540658207267716,5.3033815847625805,-1.0389000386754688,14.276015667787084],[-2.745477653022166,-7.877455033394661,-2.103355319487773,-1.5192158469449115,-3.498181640998628,3.8228070251287125,0.8745055987658957,2.293061748111472,5.059061601639206,7.804483103708267],[-4.156002569069895,3.598357390887136,-0.6321982020278482,-1.2421665801424364,4.187922788598154,-7.956729074817628,-17.93689072690358,6.426334489122484,3.402304579312243,11.018653793475725],[-6.490689004347974,2.7564570104620523,-8.961683475520802,-3.3702732763311967,7.9626245914024825,-0.25087364985785426,-7.515087955962344,0.881013874344611,2.8881163005039583,10.497912845408814]],"tConv":[18.545496070000002,18.487297799,16.97176301,16.290846223000003,16.657761481,17.028910322,17.491059262,17.360321774000003,17.288368234,17.514680494,17.265527433000003],"tGemm1":[16.249991849,16.136246105,15.598616324000002,14.991734912,15.416188420000001,15.581409628000001,16.337857754,16.294981007,16.223364471,16.252315658,16.081756344000002],"tGemm2":[14.870025271000001,14.664699737000001,12.776110223000002,12.57824817,12.920586916000001,12.967709007000002,13.071654003,13.160201198000001,13.115845559,13.112216447000002,13.138695402000002],"tRelu1":[0.06988335300000001,0.046536230000000005,0.04791563,0.045953698,0.045908843000000005,0.046600666000000006,0.048691410000000004,0.048809128,0.048711146000000004,0.049189024000000005,0.048402382],"tRelu2":[0.033639502,0.03354005,0.028411444,0.027411027,0.033002761000000005,0.032816722,0.0331455,0.034720767,0.034558406,0.034788883,0.034563415]}